Workbook

Sheet Chiến dịch
A1: Mã CD | B1: Tên chiến dịch | C1: Nhãn hàng | D1: Ngành hàng | E1: Hoa hồng ưu đãi | F1: Hoa hồng thường | G1: Chênh lệch HH | H1: Yêu cầu follower | I1: Số lượng mẫu | J1: Số SKU được chọn | K1: Hình thức | L1: Số video tối thiểu | M1: Hạn lên đủ video | N1: Yêu cầu nội dung | O1: Nền tảng đăng | P1: Điều kiện duyệt | Q1: Form đăng ký | R1: Nhóm Zalo | S1: Sheet thêm SP trưng bày | T1: Trạng thái | U1: Ghi chú
A2: CM | B2: Cỏ Mềm – Sample 20/10 | C2: Cỏ Mềm | D2: Làm đẹp – Mỹ phẩm thiên nhiên | E2: 0.08 | F2: 0.06 | G2: =IF(OR(E2="",F2=""),"",E2-F2) -> 0.02 | H2: 2000 | I2: Giới hạn – brand chưa công bố | J2: =COUNTIF('Sản phẩm'!$B:$B,A2) -> 15 | K2: Freecast | L2: 2 | M2: 10 ngày từ khi nhận SP | N2: Review sản phẩm, lộ mặt hoặc unbox, có lồng tiếng. KHÔNG lắc sản phẩm | O2: TikTok, Shopee Video hoặc Reels Facebook – gắn đúng link MCN cung cấp | P2: Thêm SP của brand vào trang trưng bày (showcase); ưu tiên duyệt KOC đã thêm | Q2: https://forms.gle/d8N1RGBsFjyHwkMV8 | R2: https://zalo.me/g/eoq0vrp0q4ktnim57utc | S2: https://docs.google.com/spreadsheets/d/1_kH65bzwYY3aEXf1bmdmvAx9taZEo5ZQ4V6e1Et6NEY/edit?usp=sharing | T2: Đang mở | U2: Toàn bộ SP là set quà 20/10. Tối thiểu 2 video cho MỖI sản phẩm nhận.
A3: BL | B3: TOPTOTOES x BIELENDA – Sample tháng 10 | C3: TOPTOTOES x BIELENDA | D3: Làm đẹp – Chăm sóc da | E3: 0.11 | F3: 0.1 | G3: =IF(OR(E3="",F3=""),"",E3-F3) -> 0.01 | H3: 1000 | I3: Giới hạn – brand chưa công bố | J3: =COUNTIF('Sản phẩm'!$B:$B,A3) -> 11 | K3: Freecast | L3: 2 | M3: 10 ngày từ khi nhận SP | N3: Review sản phẩm, lộ mặt hoặc unbox, có lồng tiếng. KHÔNG lắc sản phẩm | O3: TikTok, Shopee Video hoặc Reels Facebook – gắn đúng link MCN cung cấp | P3: Thêm SP của brand vào trang trưng bày (showcase); ưu tiên duyệt KOC đã thêm | Q3: https://forms.gle/p1DWbmxjk2DLk4oa7 | R3: https://zalo.me/g/nmlvkzudkdtttsvfbczm | S3: https://docs.google.com/spreadsheets/d/1NYf_m03C0SM9o0krdztMyuZQDXom-a68hx6cb4Dfquw/edit?usp=sharing | T3: Đang mở | U3: Form có 11 SP, bài đăng nhóm chỉ liệt kê 10 (thiếu Toner Compliment). Bielenda là thương hiệu Ba Lan; vai trò của TOPTOTOES (phân phối/đồng hành) cần xác nhận với brand.
A4: LY | B4: REDUBEAUTY x LYSMILEGO – Sample tháng 10 | C4: REDUBEAUTY x LYSMILEGO | D4: Chăm sóc cá nhân – Răng miệng | E4: 0.12 | F4: 0.08 | G4: =IF(OR(E4="",F4=""),"",E4-F4) -> 0.04 | H4: Không nêu trong form | I4: Giới hạn – brand chưa công bố | J4: =COUNTIF('Sản phẩm'!$B:$B,A4) -> 3 | K4: Freecast | L4: 2 | M4: 10 ngày từ khi nhận SP | N4: Review sản phẩm, lộ mặt hoặc unbox, có lồng tiếng. KHÔNG lắc sản phẩm | O4: TikTok, Shopee Video hoặc Reels Facebook – gắn đúng link MCN cung cấp | P4: Thêm SP của brand vào trang trưng bày (showcase); ưu tiên duyệt KOC đã thêm | Q4: https://docs.google.com/forms/d/e/1FAIpQLSfk6gsMW2L4O_YuM7IG4Cih5CBfOf6sF3VDgr8Cr2ibqF1Z6A/viewform | R4: https://zalo.me/g/eoq0vrp0q4ktnim57utc | S4: https://docs.google.com/spreadsheets/d/1cteCPOGut3X0s_IZUP1ZJMUYTPKbmAuffisuTLRcQlA/edit?usp=sharing | T4: Đang mở | U4: Form không yêu cầu số follower tối thiểu. Link nhóm Zalo trùng với nhóm của Cỏ Mềm – nên hỏi lại brand.
A5: HS | B5: HappySkin Vietnam – (cần bổ sung) | C5: HappySkin Vietnam | G5: =IF(OR(E5="",F5=""),"",E5-F5) | J5: =COUNTIF('Sản phẩm'!$B:$B,A5) -> 0 | T5: Cần bổ sung | U5: Chưa có thông tin campaign – cần form/bài đăng của brand.

Sheet Sản phẩm
A1: Mã SP | B1: Mã CD | C1: Nhãn hàng | D1: Danh mục SP | E1: Tên sản phẩm (theo form) | F1: Tên hiển thị trên web | G1: Hoa hồng | H1: Yêu cầu follower | I1: Ảnh sản phẩm (URL) | J1: Mô tả ngắn (thẻ SP) | K1: Mô tả chi tiết (trang SP) | L1: Gợi ý góc review cho KOC | M1: Tags
A2: CM01 | B2: CM | C2: =INDEX('Chiến dịch'!$C:$C,MATCH(B2,'Chiến dịch'!$A:$A,0)) -> Cỏ Mềm | D2: Chăm sóc cơ thể | E2: [SET QUÀ TẶNG 20/10] Combo Sữa Dưỡng Thể Và Kem Dưỡng Da Tay Cỏ mềm Homelab 500g Cỏ Mềm - Quà tặng Người Yêu, Mẹ, Vợ, Cô Giáo ý nghĩa | F2: Set quà 20/10: Sữa dưỡng thể Homelab 500g + Kem dưỡng da tay | G2: =INDEX('Chiến dịch'!$E:$E,MATCH(B2,'Chiến dịch'!$A:$A,0)) -> 0.08 | H2: =INDEX('Chiến dịch'!$H:$H,MATCH(B2,'Chiến dịch'!$A:$A,0)) -> 2000 | J2: Bộ đôi dưỡng ẩm toàn thân và đôi tay, đóng hộp quà sẵn cho 20/10. | K2: Set gồm sữa dưỡng thể dòng Homelab dung tích 500g và kem dưỡng da tay của Cỏ Mềm, thương hiệu mỹ phẩm theo định hướng thành phần thiên nhiên. Sữa dưỡng thể giúp bổ sung độ ẩm cho da toàn thân, kem tay giúp đôi tay mềm mại, hạn chế khô ráp khi trời chuyển hanh. Đóng hộp quà sẵn, phù hợp tặng mẹ, vợ, người yêu hay cô giáo. | L2: Unbox hộp quà, test chất kem trên mu bàn tay; nhấn vào ý 'quà thiết thực mùa hanh khô', dung tích 500g dùng lâu. | M2: 20/10, quà tặng, dưỡng thể, dưỡng tay
A3: CM02 | B3: CM | C3: =INDEX('Chiến dịch'!$C:$C,MATCH(B3,'Chiến dịch'!$A:$A,0)) -> Cỏ Mềm | D3: Trang điểm | E3: [SET QUÀ TẶNG 20/10] Combo Trang Điểm Tự Nhiên Son Lụa Diễm Mềm Mịn Và Cushion Phấn Nước Thuỷ Tinh Cỏ Mềm - Hộp quà tặng Mẹ, Vợ, Người Yêu, Cô Giáo Ý Nghĩa, Thiết Thực | F3: Set quà 20/10: Son Lụa Diễm + Cushion Thủy Tinh | G3: =INDEX('Chiến dịch'!$E:$E,MATCH(B3,'Chiến dịch'!$A:$A,0)) -> 0.08 | H3: =INDEX('Chiến dịch'!$H:$H,MATCH(B3,'Chiến dịch'!$A:$A,0)) -> 2000 | J3: Combo trang điểm tự nhiên gồm son lụa và cushion, đủ cho một lớp makeup nhẹ nhàng. | K3: Set trang điểm gồm son Lụa Diễm chất mềm mịn và cushion phấn nước Thủy Tinh của Cỏ Mềm, hướng tới lớp nền mỏng nhẹ và đôi môi có sắc tự nhiên. Phù hợp với người thích makeup đơn giản đi học, đi làm hằng ngày. Đóng hộp quà, tiện làm quà 20/10. | L3: Video makeup nhanh 1 phút trước gương: dặm cushion, tô son, quay cận độ che phủ và màu son dưới ánh sáng tự nhiên. | M3: 20/10, quà tặng, trang điểm, son, cushion
A4: CM03 | B4: CM | C4: =INDEX('Chiến dịch'!$C:$C,MATCH(B4,'Chiến dịch'!$A:$A,0)) -> Cỏ Mềm | D4: Chăm sóc da mặt | E4: [SET QUÀ TẶNG 20/10] Combo Serum Kem Dưỡng Tơ Tằm Cỏ Mềm - Hộp Quà Tặng Người Yêu, Vợ, Mẹ, Cô Giáo Ý Nghĩa | F4: Set quà 20/10: Serum + Kem dưỡng Tơ Tằm | G4: =INDEX('Chiến dịch'!$E:$E,MATCH(B4,'Chiến dịch'!$A:$A,0)) -> 0.08 | H4: =INDEX('Chiến dịch'!$H:$H,MATCH(B4,'Chiến dịch'!$A:$A,0)) -> 2000 | J4: Bộ đôi dưỡng da dòng Tơ Tằm: serum và kem dưỡng cho quy trình skincare cơ bản. | K4: Combo gồm serum và kem dưỡng thuộc dòng Tơ Tằm của Cỏ Mềm, dùng nối tiếp trong bước dưỡng để giúp da mềm mượt và đủ ẩm. Phù hợp làm quà cho người đã có thói quen skincare hoặc muốn bắt đầu một quy trình đơn giản. | L4: Quay texture serum và kem trên tay, chia sẻ cảm nhận sau vài ngày dùng; gợi ý thứ tự dùng serum trước, kem sau. | M4: 20/10, quà tặng, skincare, serum, kem dưỡng
A5: CM04 | B5: CM | C5: =INDEX('Chiến dịch'!$C:$C,MATCH(B5,'Chiến dịch'!$A:$A,0)) -> Cỏ Mềm | D5: Chăm sóc môi | E5: [SET QUÀ TẶNG 20/10] Bộ Đôi Môi Xinh Dưỡng Ẩm Trang Điểm Môi Gồm Son Thiên Nhiên Son Dưỡng Cỏ Mềm - Hộp quà tặng Mẹ, Vợ, Người Yêu, Cô Giáo Ý Nghĩa, Thiết Thực | F5: Set quà 20/10: Bộ Đôi Môi Xinh (Son thiên nhiên + Son dưỡng) | G5: =INDEX('Chiến dịch'!$E:$E,MATCH(B5,'Chiến dịch'!$A:$A,0)) -> 0.08 | H5: =INDEX('Chiến dịch'!$H:$H,MATCH(B5,'Chiến dịch'!$A:$A,0)) -> 2000 | J5: Son màu và son dưỡng đi cùng nhau: dưỡng trước, tô màu sau. | K5: Bộ đôi gồm một thỏi son màu và một thỏi son dưỡng của Cỏ Mềm, định hướng thành phần thiên nhiên. Son dưỡng giúp môi đủ ẩm trước khi tô màu, son màu cho đôi môi tươi tắn nhẹ nhàng. Giá vừa phải, dễ làm quà số lượng nhiều (cô giáo, đồng nghiệp). | L5: Swatch màu son trên môi, so môi trước – sau khi dưỡng; góc 'quà 20/10 vừa túi tiền'. | M5: 20/10, quà tặng, son, son dưỡng
A6: CM05 | B6: CM | C6: =INDEX('Chiến dịch'!$C:$C,MATCH(B6,'Chiến dịch'!$A:$A,0)) -> Cỏ Mềm | D6: Chăm sóc da mặt | E6: [SET QUÀ TẶNG 20/10] Bộ Combo Gồm Kem Dưỡng Da Tay Và Bọt Rửa Mặt Cỏ mềm - Hộp quà tặng Mẹ, Vợ, Người Yêu, Cô Giáo Ý Nghĩa, Thiết Thực | F6: Set quà 20/10: Kem dưỡng da tay + Bọt rửa mặt | G6: =INDEX('Chiến dịch'!$E:$E,MATCH(B6,'Chiến dịch'!$A:$A,0)) -> 0.08 | H6: =INDEX('Chiến dịch'!$H:$H,MATCH(B6,'Chiến dịch'!$A:$A,0)) -> 2000 | J6: Combo làm sạch da mặt và dưỡng tay, hai món dùng mỗi ngày. | K6: Set gồm bọt rửa mặt và kem dưỡng da tay Cỏ Mềm. Bọt rửa mặt dạng tạo bọt sẵn, tiện dùng sáng và tối; kem tay giúp đôi tay mềm mại hơn. Đây là những món dùng hằng ngày nên rất 'thiết thực' khi làm quà. | L6: Quay độ bọt khi bấm vòi, cảm giác da sau rửa; kết hợp cảnh thoa kem tay lúc làm việc. | M6: 20/10, quà tặng, rửa mặt, dưỡng tay
A7: CM06 | B7: CM | C7: =INDEX('Chiến dịch'!$C:$C,MATCH(B7,'Chiến dịch'!$A:$A,0)) -> Cỏ Mềm | D7: Chăm sóc tóc | E7: [SET QUÀ TẶNG 20/10] Bộ Gội Xả Giúp Ngăn Ngừa Rụng Tóc Phục Hồi Tóc Hư Tổn Cỏ Mềm-Quà Tặng Bạn Gái Mẹ Cô Giáo Ý Nghĩa | F7: Set quà 20/10: Bộ gội xả hỗ trợ giảm rụng & phục hồi tóc | G7: =INDEX('Chiến dịch'!$E:$E,MATCH(B7,'Chiến dịch'!$A:$A,0)) -> 0.08 | H7: =INDEX('Chiến dịch'!$H:$H,MATCH(B7,'Chiến dịch'!$A:$A,0)) -> 2000 | J7: Bộ gội xả dành cho tóc hư tổn, hỗ trợ hạn chế gãy rụng. | K7: Bộ dầu gội và dầu xả của Cỏ Mềm hướng tới mái tóc hư tổn, khô xơ, giúp làm sạch nhẹ nhàng và nuôi dưỡng tóc mềm mượt hơn, hỗ trợ hạn chế tình trạng gãy rụng khi chải gội. Phù hợp với người hay nhuộm, uốn, sấy. | L7: Quay mùi hương, độ bọt, cảm giác tóc sau khi xả và sấy khô; tránh cam kết 'hết rụng tóc' trong video. | M7: 20/10, quà tặng, dầu gội, dầu xả, tóc hư tổn
A8: CM07 | B8: CM | C8: =INDEX('Chiến dịch'!$C:$C,MATCH(B8,'Chiến dịch'!$A:$A,0)) -> Cỏ Mềm | D8: Chăm sóc cơ thể | E8: [SET QUÀ TẶNG 20/10] Bộ Sữa Tắm Sữa Dưỡng Thể Sáng Da Ngừa Lão Hoá Toàn Thân Cỏ Mềm - Hộp quà tặng Mẹ, Vợ, Người Yêu, Cô Giáo Ý Nghĩa, Thiết Thực | F8: Set quà 20/10: Sữa tắm + Sữa dưỡng thể sáng da | G8: =INDEX('Chiến dịch'!$E:$E,MATCH(B8,'Chiến dịch'!$A:$A,0)) -> 0.08 | H8: =INDEX('Chiến dịch'!$H:$H,MATCH(B8,'Chiến dịch'!$A:$A,0)) -> 2000 | J8: Bộ chăm sóc da toàn thân: tắm sạch và dưỡng sáng, hỗ trợ chống lão hóa. | K8: Set gồm sữa tắm và sữa dưỡng thể Cỏ Mềm, dùng nối tiếp trong quy trình chăm sóc cơ thể. Sữa tắm làm sạch dịu nhẹ, sữa dưỡng thể giúp da mềm mịn, hỗ trợ da trông sáng khỏe và hạn chế dấu hiệu lão hóa khi dùng đều đặn. | L8: Routine tắm tối: quay texture, mùi hương, cảm giác da sau dưỡng; nói rõ hiệu quả cần dùng đều. | M8: 20/10, quà tặng, sữa tắm, dưỡng thể
A9: CM08 | B9: CM | C9: =INDEX('Chiến dịch'!$C:$C,MATCH(B9,'Chiến dịch'!$A:$A,0)) -> Cỏ Mềm | D9: Chăm sóc da mặt | E9: [SET QUÀ TẶNG 20/10] Combo Làm Sạch Dưỡng Da Bọt Rửa Mặt Và Mặt Nạ Dưỡng Da Chiết Xuất Thiên Nhiên Cỏ Mềm - Hộp quà tặng Mẹ, Vợ, Người Yêu, Cô Giáo Ý Nghĩa, Thiết Thực | F9: Set quà 20/10: Bọt rửa mặt + Mặt nạ chiết xuất thiên nhiên | G9: =INDEX('Chiến dịch'!$E:$E,MATCH(B9,'Chiến dịch'!$A:$A,0)) -> 0.08 | H9: =INDEX('Chiến dịch'!$H:$H,MATCH(B9,'Chiến dịch'!$A:$A,0)) -> 2000 | J9: Combo làm sạch và đắp mặt nạ dưỡng da, chiết xuất thiên nhiên. | K9: Set gồm bọt rửa mặt và mặt nạ dưỡng da Cỏ Mềm. Rửa mặt sạch trước, sau đó đắp mặt nạ để bổ sung độ ẩm, giúp da dịu và mềm hơn sau một ngày dài. Phù hợp làm quà 'chăm sóc bản thân' cho người bận rộn. | L9: Video 'tối thư giãn': rửa mặt, đắp mặt nạ, quay da trước – sau 15 phút. | M9: 20/10, quà tặng, rửa mặt, mặt nạ
A10: CM09 | B10: CM | C10: =INDEX('Chiến dịch'!$C:$C,MATCH(B10,'Chiến dịch'!$A:$A,0)) -> Cỏ Mềm | D10: Chăm sóc da mặt | E10: [SET QUÀ TẶNG 20/10] Combo Sữa Rửa Mặt Tạo Bọt Và Son Dưỡng Môi Thiên Nhiên Giảm Thâm Nẻ Cỏ Mềm - Hộp quà tặng Mẹ, Vợ, Người Yêu, Cô Giáo Ý Nghĩa, Thiết Thực | F10: Set quà 20/10: Sữa rửa mặt tạo bọt + Son dưỡng môi | G10: =INDEX('Chiến dịch'!$E:$E,MATCH(B10,'Chiến dịch'!$A:$A,0)) -> 0.08 | H10: =INDEX('Chiến dịch'!$H:$H,MATCH(B10,'Chiến dịch'!$A:$A,0)) -> 2000 | J10: Combo làm sạch da mặt và dưỡng môi, hỗ trợ cải thiện môi khô nẻ. | K10: Set gồm sữa rửa mặt tạo bọt và son dưỡng môi thiên nhiên Cỏ Mềm. Sữa rửa mặt làm sạch nhẹ nhàng, son dưỡng giúp môi đủ ẩm, hỗ trợ giảm khô nẻ và thâm môi khi dùng thường xuyên. Hai món nhỏ gọn, dùng hằng ngày. | L10: Cận cảnh môi khô trước và sau vài ngày dùng son dưỡng; test bọt rửa mặt. | M10: 20/10, quà tặng, rửa mặt, son dưỡng
A11: CM10 | B11: CM | C11: =INDEX('Chiến dịch'!$C:$C,MATCH(B11,'Chiến dịch'!$A:$A,0)) -> Cỏ Mềm | D11: Chăm sóc tóc & cơ thể | E11: [SET QUÀ TẶNG 20/10] Combo Dầu Gội Và Sữa Tắm Dưỡng Ẩm Sáng Da Ngừa Lão Hoá Da Từ Thiên Nhiên Cỏ Mềm - Quà tặng Mẹ, Vợ, Người Yêu, Cô Giáo Ý Nghĩa, Thiết Thực | F11: Set quà 20/10: Dầu gội + Sữa tắm dưỡng ẩm | G11: =INDEX('Chiến dịch'!$E:$E,MATCH(B11,'Chiến dịch'!$A:$A,0)) -> 0.08 | H11: =INDEX('Chiến dịch'!$H:$H,MATCH(B11,'Chiến dịch'!$A:$A,0)) -> 2000 | J11: Bộ đôi cho phòng tắm: dầu gội và sữa tắm dưỡng ẩm từ thiên nhiên. | K11: Combo gồm dầu gội và sữa tắm Cỏ Mềm, giúp làm sạch tóc và cơ thể, đồng thời bổ sung độ ẩm để da mềm mịn, trông sáng khỏe hơn. Món quà dùng hằng ngày, hợp tặng mẹ hoặc cả gia đình. | L11: Góc 'quà tặng mẹ': unbox, quay mùi hương, độ bọt; nhấn vào yếu tố dùng được cho cả nhà. | M11: 20/10, quà tặng, dầu gội, sữa tắm
A12: CM11 | B12: CM | C12: =INDEX('Chiến dịch'!$C:$C,MATCH(B12,'Chiến dịch'!$A:$A,0)) -> Cỏ Mềm | D12: Chăm sóc môi & tay | E12: [SET QUÀ TẶNG 20/10] Combo Son Dưỡng Thiên Nhiên Và Kem Dưỡng Da Tay Dưỡng Ẩm Mềm Mịn Cỏ Mềm - Quà Tặng 20/10 Ý Nghĩa, Thiết Thực | F12: Set quà 20/10: Son dưỡng + Kem dưỡng da tay | G12: =INDEX('Chiến dịch'!$E:$E,MATCH(B12,'Chiến dịch'!$A:$A,0)) -> 0.08 | H12: =INDEX('Chiến dịch'!$H:$H,MATCH(B12,'Chiến dịch'!$A:$A,0)) -> 2000 | J12: Hai món nhỏ gọn để trong túi: son dưỡng và kem tay dưỡng ẩm. | K12: Combo son dưỡng thiên nhiên và kem dưỡng da tay Cỏ Mềm, giúp môi và tay luôn đủ ẩm, mềm mịn trong mùa hanh khô. Kích thước nhỏ gọn, mang theo đi học, đi làm. Mức giá dễ chịu, hợp mua tặng nhiều người. | L12: Video 'trong túi mình có gì mùa thu', dùng son và kem tay giữa ngày. | M12: 20/10, quà tặng, son dưỡng, dưỡng tay
A13: CM12 | B13: CM | C13: =INDEX('Chiến dịch'!$C:$C,MATCH(B13,'Chiến dịch'!$A:$A,0)) -> Cỏ Mềm | D13: Chăm sóc môi & da mặt | E13: [SET QUÀ TẶNG 20/10] Combo Son Dưỡng Và Hộp 5 Mặt Nạ Chăm Sóc Da Cỏ Mềm - Hộp quà tặng Mẹ, Vợ, Người Yêu, Cô Giáo Ý Nghĩa, Thiết Thực | F13: Set quà 20/10: Son dưỡng + Hộp 5 mặt nạ | G13: =INDEX('Chiến dịch'!$E:$E,MATCH(B13,'Chiến dịch'!$A:$A,0)) -> 0.08 | H13: =INDEX('Chiến dịch'!$H:$H,MATCH(B13,'Chiến dịch'!$A:$A,0)) -> 2000 | J13: Son dưỡng môi kèm hộp 5 mặt nạ dưỡng da cho cả tuần. | K13: Set gồm một thỏi son dưỡng và hộp 5 miếng mặt nạ dưỡng da Cỏ Mềm. Mặt nạ giúp bổ sung ẩm, làm dịu da sau ngày dài; son dưỡng giữ môi mềm. Phù hợp tặng người muốn có 'góc chăm sóc bản thân' đơn giản. | L13: Vlog 5 ngày đắp mặt nạ, quay da trước – sau; kết thúc bằng son dưỡng. | M13: 20/10, quà tặng, mặt nạ, son dưỡng
... A30: LY03 | B30: LY | C30: =INDEX('Chiến dịch'!$C:$C,MATCH(B30,'Chiến dịch'!$A:$A,0)) -> REDUBEAUTY x LYSMILEGO | D30: Kem đánh răng | E30: LYSMILEGO Probiotics – Kem đánh răng trắng sáng 4 lớp, bảo vệ 7 lớp | F30: Kem đánh răng Probiotics LYSMILEGO – trắng sáng 4 lớp, bảo vệ 7 lớp | G30: =INDEX('Chiến dịch'!$E:$E,MATCH(B30,'Chiến dịch'!$A:$A,0)) -> 0.12 | H30: =INDEX('Chiến dịch'!$H:$H,MATCH(B30,'Chiến dịch'!$A:$A,0)) -> Không nêu trong form | J30: Kem đánh răng bổ sung lợi khuẩn, hỗ trợ trắng sáng và bảo vệ răng miệng. | K30: Kem đánh răng LYSMILEGO bổ sung Probiotics (lợi khuẩn), được brand giới thiệu với cơ chế trắng sáng 4 lớp và bảo vệ 7 lớp. Giúp làm sạch, hỗ trợ răng trắng sáng hơn và hơi thở thơm mát. Có thể dùng hằng ngày, kết hợp với miếng dán trắng răng cùng thương hiệu. | L30: Quay chất kem, độ bọt, cảm giác hơi thở; ghép với miếng dán LY01/LY02 thành routine răng trắng. | M30: kem đánh răng, probiotics, trắng răng, LYSMILEGO

Sheet Link trưng bày
A1: Mã CD | B1: Nhãn hàng | C1: STT | D1: Link affiliate TikTok (thêm vào showcase) | E1: Mã SP tương ứng
A2: CM | B2: =INDEX('Chiến dịch'!$C:$C,MATCH(A2,'Chiến dịch'!$A:$A,0)) -> Cỏ Mềm | C2: 1 | D2: https://affiliate.tiktok.com/api/v1/share/ALYJuHiuC1p8
A3: CM | B3: =INDEX('Chiến dịch'!$C:$C,MATCH(A3,'Chiến dịch'!$A:$A,0)) -> Cỏ Mềm | C3: 2 | D3: https://affiliate.tiktok.com/api/v1/share/ALYJxOwOQ2kp
A4: CM | B4: =INDEX('Chiến dịch'!$C:$C,MATCH(A4,'Chiến dịch'!$A:$A,0)) -> Cỏ Mềm | C4: 3 | D4: https://affiliate.tiktok.com/api/v1/share/ALYJuHiuT6nb
A5: CM | B5: =INDEX('Chiến dịch'!$C:$C,MATCH(A5,'Chiến dịch'!$A:$A,0)) -> Cỏ Mềm | C5: 4 | D5: https://affiliate.tiktok.com/api/v1/share/ALYJxOwOhGEi
A6: CM | B6: =INDEX('Chiến dịch'!$C:$C,MATCH(A6,'Chiến dịch'!$A:$A,0)) -> Cỏ Mềm | C6: 5 | D6: https://affiliate.tiktok.com/api/v1/share/ALYJuHiukJ4A
A7: BL | B7: =INDEX('Chiến dịch'!$C:$C,MATCH(A7,'Chiến dịch'!$A:$A,0)) -> TOPTOTOES x BIELENDA | C7: 1 | D7: https://affiliate.tiktok.com/api/v1/share/ALXwpsra7TIr
A8: BL | B8: =INDEX('Chiến dịch'!$C:$C,MATCH(A8,'Chiến dịch'!$A:$A,0)) -> TOPTOTOES x BIELENDA | C8: 2 | D8: https://affiliate.tiktok.com/api/v1/share/ALXwpsnVxVum
A9: BL | B9: =INDEX('Chiến dịch'!$C:$C,MATCH(A9,'Chiến dịch'!$A:$A,0)) -> TOPTOTOES x BIELENDA | C9: 3 | D9: https://affiliate.tiktok.com/api/v1/share/ALXwpsraOZuZ
A10: BL | B10: =INDEX('Chiến dịch'!$C:$C,MATCH(A10,'Chiến dịch'!$A:$A,0)) -> TOPTOTOES x BIELENDA | C10: 4 | D10: https://affiliate.tiktok.com/api/v1/share/ALXwpsnWEa6E
A11: BL | B11: =INDEX('Chiến dịch'!$C:$C,MATCH(A11,'Chiến dịch'!$A:$A,0)) -> TOPTOTOES x BIELENDA | C11: 5 | D11: https://affiliate.tiktok.com/api/v1/share/ALXwpsrafYdn
A12: BL | B12: =INDEX('Chiến dịch'!$C:$C,MATCH(A12,'Chiến dịch'!$A:$A,0)) -> TOPTOTOES x BIELENDA | C12: 6 | D12: https://affiliate.tiktok.com/api/v1/share/ALXwpsnWVoxn
A13: BL | B13: =INDEX('Chiến dịch'!$C:$C,MATCH(A13,'Chiến dịch'!$A:$A,0)) -> TOPTOTOES x BIELENDA | C13: 7 | D13: https://affiliate.tiktok.com/api/v1/share/ALXwpsrawbJs
... A19: LY | B19: =INDEX('Chiến dịch'!$C:$C,MATCH(A19,'Chiến dịch'!$A:$A,0)) -> REDUBEAUTY x LYSMILEGO | C19: 3 | D19: https://affiliate.tiktok.com/api/v1/share/ALV7wnwCttVb

Sheet Hướng dẫn
A1: HƯỚNG DẪN SỬ DỤNG
A2: Ô nền vàng | B2: Ô cần điền bổ sung (ảnh sản phẩm, số lượng mẫu, thông tin HappySkin, mã SP ứng với từng link).
A3: Chữ xanh dương | B3: Số liệu nhập tay lấy từ form đăng ký của brand (hoa hồng, yêu cầu follower, số video).
A4: Chữ xanh lá | B4: Công thức tự kéo từ sheet 'Chiến dịch' – sửa hoa hồng/yêu cầu FL ở sheet 'Chiến dịch', các sheet khác tự cập nhật.
A5: Thêm SP mới | B5: Thêm 1 dòng ở 'Sản phẩm', điền Mã CD (CM/BL/LY/HS) – nhãn hàng, hoa hồng, yêu cầu FL tự hiện. Cột 'Số SKU được chọn' ở 'Chiến dịch' tự đếm.
A6: Ví dụ cột ảnh | B6: Dán link ảnh trực tiếp, ví dụ: https://drive.google.com/... hoặc link ảnh từ trang Shopee/TikTok Shop của SP.
A7: Lưu ý mô tả | B7: Mô tả SP được viết dựa trên tên SP trong form. Thành phần, dung tích và công dụng cụ thể nên đối chiếu với trang SP chính thức trước khi đăng web; tránh cam kết kiểu 'trị mụn', 'hết rụng tóc'.
A8: Nguồn dữ liệu | B8: 3 form đăng ký sample + 2 bài đăng nhóm Zalo (Cỏ Mềm, TOPTOTOES x BIELENDA, REDUBEAUTY x LYSMILEGO), tháng 10/2026.
